"","Estimate","Std. Error","z value","Pr(>|z|)","taxa.rand"
"(Intercept)",-2.79594290049729,0.0846294572018294,-33.0374670113901,2.35461262673976e-239,0.0237524648595719
