"","Estimate","Std. Error","z value","Pr(>|z|)","taxa.rand"
"(Intercept)",2.51190196810332,0.0665296992474828,37.7560998548834,0,0.0138797474108808
