"","Estimate","Std. Error","z value","Pr(>|z|)","taxa.rand"
"(Intercept)",-4.02854753007684,0.0842323919935617,-47.8265835117773,0,0.0119277009530441
