"","Estimate","Std. Error","z value","Pr(>|z|)","taxa.rand"
"(Intercept)",-3.22487224595242,0.0962189984100223,-33.5159614966072,2.82185358581069e-246,0.0298210709239142
