"","Estimate","Std. Error","z value","Pr(>|z|)","taxa.rand"
"(Intercept)",-3.95188381880391,0.0771329003971363,-51.234736389488,0,0.00941871975917802
